<?xml version="1.0"?>
<data><checklist><item0><id><![CDATA[1360480]]></id><project_id><![CDATA[36636]]></project_id><name><![CDATA[Регистрация]]></name><description><![CDATA[Папка]]></description><abbreviation><![CDATA[3381]]></abbreviation><regularity_id><![CDATA[1]]></regularity_id><is_deleted><![CDATA[]]></is_deleted><status><![CDATA[1]]></status><completed><![CDATA[0]]></completed><type_id><![CDATA[2]]></type_id><use_tags><![CDATA[1]]></use_tags><parent><![CDATA[0]]></parent><is_folder><![CDATA[1]]></is_folder><child><![CDATA[1]]></child><versionof><![CDATA[0]]></versionof><creator><![CDATA[0]]></creator><sort><![CDATA[0]]></sort><complexity><![CDATA[0.00]]></complexity><is_template><![CDATA[0]]></is_template><created_at><![CDATA[2022-11-02 20:37:39]]></created_at><updated_at><![CDATA[2022-11-02 20:37:39]]></updated_at></item0><item1><id><![CDATA[1360483]]></id><project_id><![CDATA[36636]]></project_id><name><![CDATA[Регистрация нового пользователя]]></name><description><![CDATA[]]></description><abbreviation><![CDATA[рег]]></abbreviation><regularity_id><![CDATA[1]]></regularity_id><is_deleted><![CDATA[]]></is_deleted><status><![CDATA[1]]></status><completed><![CDATA[100]]></completed><type_id><![CDATA[2]]></type_id><use_tags><![CDATA[0]]></use_tags><parent><![CDATA[0]]></parent><is_folder><![CDATA[0]]></is_folder><child><![CDATA[0]]></child><versionof><![CDATA[0]]></versionof><creator><![CDATA[0]]></creator><sort><![CDATA[0]]></sort><complexity><![CDATA[0.00]]></complexity><is_template><![CDATA[0]]></is_template><created_at><![CDATA[2022-11-02 20:43:13]]></created_at><updated_at><![CDATA[2022-11-05 11:10:13]]></updated_at></item1></checklist><checklist_group><item0><id><![CDATA[8378709]]></id><checklist_id><![CDATA[1360480]]></checklist_id><name><![CDATA[]]></name><description><![CDATA[]]></description><sort><![CDATA[1]]></sort><type><![CDATA[0]]></type></item0><item1><id><![CDATA[8378715]]></id><checklist_id><![CDATA[1360483]]></checklist_id><name><![CDATA[Регистрация нового пользователя]]></name><description><![CDATA[]]></description><sort><![CDATA[1]]></sort><type><![CDATA[0]]></type></item1></checklist_group><requirement_links/><checklist_option><item0><id><![CDATA[51343502]]></id><tid><![CDATA[33811]]></tid><checklist_group_id><![CDATA[8378709]]></checklist_group_id><action><![CDATA[]]></action><result><![CDATA[]]></result><priority_id><![CDATA[2]]></priority_id><sort><![CDATA[1]]></sort><todo_status><![CDATA[0]]></todo_status></item0><item1><id><![CDATA[51343538]]></id><tid><![CDATA[рег1]]></tid><checklist_group_id><![CDATA[8378715]]></checklist_group_id><action><![CDATA[Проверить заполняемость поля "Введите номер телефона" в окне "Регистрация".]]></action><result><![CDATA[После заполнения поля "Введите номер телефона"  приходит SMS с кодом подтверждения, и после нажатия кнопки "Продолжить" открывается окно "Подтверждение номера".]]></result><priority_id><![CDATA[2]]></priority_id><sort><![CDATA[1]]></sort><todo_status><![CDATA[0]]></todo_status></item1><item2><id><![CDATA[51396153]]></id><tid><![CDATA[рег7]]></tid><checklist_group_id><![CDATA[8378715]]></checklist_group_id><action><![CDATA[Проверить вход пользователя с существующим профилем по ссылке "Войти" в окне "Регистрация" с полями "Имя для профиля" и "Пароль".]]></action><result><![CDATA[После нажатия ссылки "Войти" открывается начальное окно "Вход" или окно "Вход" с уже заходившими с этого ПК пользователями.]]></result><priority_id><![CDATA[2]]></priority_id><sort><![CDATA[7]]></sort><todo_status><![CDATA[0]]></todo_status></item2><item3><id><![CDATA[51396152]]></id><tid><![CDATA[рег6]]></tid><checklist_group_id><![CDATA[8378715]]></checklist_group_id><action><![CDATA[Проверить заполняемость поля "Пароль" в окне "Регистрация".]]></action><result><![CDATA[Все заполнено корректно, можно регистрироваться.]]></result><priority_id><![CDATA[2]]></priority_id><sort><![CDATA[6]]></sort><todo_status><![CDATA[0]]></todo_status></item3><item4><id><![CDATA[51396151]]></id><tid><![CDATA[рег5]]></tid><checklist_group_id><![CDATA[8378715]]></checklist_group_id><action><![CDATA[Проверить заполняемость поля "Имя для профиля" в окне "Регистрация".]]></action><result><![CDATA[Все заполнено корректно, можно регистрироваться.]]></result><priority_id><![CDATA[2]]></priority_id><sort><![CDATA[5]]></sort><todo_status><![CDATA[0]]></todo_status></item4><item5><id><![CDATA[51396150]]></id><tid><![CDATA[рег4]]></tid><checklist_group_id><![CDATA[8378715]]></checklist_group_id><action><![CDATA[Проверить кнопку "Изменить номер" в окне "Подтверждение номера".]]></action><result><![CDATA[Откроется окно "Регистрация" с полем "Введите номер телефона".]]></result><priority_id><![CDATA[2]]></priority_id><sort><![CDATA[4]]></sort><todo_status><![CDATA[0]]></todo_status></item5><item6><id><![CDATA[51396148]]></id><tid><![CDATA[рег2]]></tid><checklist_group_id><![CDATA[8378715]]></checklist_group_id><action><![CDATA[Проверить вход пользователя с существующим профилем по ссылке "Войти" в окне "Регистрация".]]></action><result><![CDATA[После нажатия ссылки "Войти" открывается начальное окно "Вход" или окно "Вход" с уже заходившими с этого ПК пользователями.]]></result><priority_id><![CDATA[2]]></priority_id><sort><![CDATA[2]]></sort><todo_status><![CDATA[0]]></todo_status></item6><item7><id><![CDATA[51396149]]></id><tid><![CDATA[рег3]]></tid><checklist_group_id><![CDATA[8378715]]></checklist_group_id><action><![CDATA[Проверить заполняемость поля "Проверочный код" в окне "Подтверждение номера".]]></action><result><![CDATA[После заполнения поля "Проверочный код" нажатия кнопки "Подтвердить" открывается окно "Регистрация" с полями ввода "Имя профиля" и "Пароль".]]></result><priority_id><![CDATA[2]]></priority_id><sort><![CDATA[3]]></sort><todo_status><![CDATA[0]]></todo_status></item7></checklist_option><checklist_option_tag/><tag/><requirement/></data>
